[{"obj": "book", "question": "is there a book in the bin?", "answer": "yes", "type": "exist_positive", "ans_index": 0}, {"obj": "bottle", "question": "is there a bottle in the bin?", "answer": "yes", "type": "exist_positive", "ans_index": 0}, {"obj": "calculator", "question": "is there a calculator in the bin?", "answer": "yes", "type": "exist_positive", "ans_index": 0}, {"obj": "can", "question": "is there a can in the bin?", "answer": "yes", "type": "exist_positive", "ans_index": 0}, {"obj": "card", "question": "is there a card in the bin?", "answer": "yes", "type": "exist_positive", "ans_index": 0}, {"obj": "charger", "question": "is there a charger in the bin?", "answer": "yes", "type": "exist_positive", "ans_index": 0}, {"obj": "key", "question": "is there a key in the bin?", "answer": "yes", "type": "exist_positive", "ans_index": 0}, {"obj": "keyboard", "question": "is there a keyboard in the bin?", "answer": "yes", "type": "exist_positive", "ans_index": 0}, {"obj": "mouse", "question": "is there a mouse in the bin?", "answer": "yes", "type": "exist_positive", "ans_index": 0}, {"obj": "pen", "question": "is there a pen in the bin?", "answer": "yes", "type": "exist_positive", "ans_index": 0}, {"obj": "phone", "question": "is there a phone in the bin?", "answer": "yes", "type": "exist_positive", "ans_index": 0}, {"obj": "clock", "question": "is there a clock in the bin?", "answer": "yes", "type": "exist_positive", "ans_index": 0}, {"obj": "cube", "question": "is there a cube in the bin?", "answer": "yes", "type": "exist_positive", "ans_index": 0}, {"obj": "cup", "question": "is there a cup in the bin?", "answer": "yes", "type": "exist_positive", "ans_index": 0}, {"obj": "gamepad", "question": "is there a gamepad in the bin?", "answer": "yes", "type": "exist_positive", "ans_index": 0}, {"obj": "eraser", "question": "is there an eraser in the bin?", "answer": "yes", "type": "exist_positive", "ans_index": 0}, {"obj": "screwdriver", "question": "is there a screwdriver in the bin?", "answer": "yes", "type": "exist_positive", "ans_index": 0}, {"obj": "scissors", "question": "is there a scissors in the bin?", "answer": "yes", "type": "exist_positive", "ans_index": 0}, {"obj": "usb", "question": "is there an usb in the bin?", "answer": "yes", "type": "exist_positive", "ans_index": 0}, {"obj": "wallet", "question": "is there a wallet in the bin?", "answer": "yes", "type": "exist_positive", "ans_index": 0}, {"obj": "book", "question": "how many books are there in the bin?", "answer": "3", "type": "count_positive", "ans_index": 0}, {"obj": "bottle", "question": "how many bottles are there in the bin?", "answer": "3", "type": "count_positive", "ans_index": 0}, {"obj": "calculator", "question": "how many calculators are there in the bin?", "answer": "1", "type": "count_positive", "ans_index": 0}, {"obj": "can", "question": "how many cans are there in the bin?", "answer": "3", "type": "count_positive", "ans_index": 0}, {"obj": "card", "question": "how many cards are there in the bin?", "answer": "3", "type": "count_positive", "ans_index": 0}, {"obj": "charger", "question": "how many chargers are there in the bin?", "answer": "3", "type": "count_positive", "ans_index": 0}, {"obj": "key", "question": "how many keys are there in the bin?", "answer": "2", "type": "count_positive", "ans_index": 0}, {"obj": "keyboard", "question": "how many keyboards are there in the bin?", "answer": "3", "type": "count_positive", "ans_index": 0}, {"obj": "mouse", "question": "how many mouses are there in the bin?", "answer": "3", "type": "count_positive", "ans_index": 0}, {"obj": "pen", "question": "how many pens are there in the bin?", "answer": "2", "type": "count_positive", "ans_index": 0}, {"obj": "phone", "question": "how many phones are there in the bin?", "answer": "3", "type": "count_positive", "ans_index": 0}, {"obj": "clock", "question": "how many clocks are there in the bin?", "answer": "2", "type": "count_positive", "ans_index": 0}, {"obj": "cube", "question": "how many cubes are there in the bin?", "answer": "3", "type": "count_positive", "ans_index": 0}, {"obj": "cup", "question": "how many cups are there in the bin?", "answer": "3", "type": "count_positive", "ans_index": 0}, {"obj": "gamepad", "question": "how many gamepads are there in the bin?", "answer": "2", "type": "count_positive", "ans_index": 0}, {"obj": "eraser", "question": "how many erasers are there in the bin?", "answer": "2", "type": "count_positive", "ans_index": 0}, {"obj": "screwdriver", "question": "how many screwdrivers are there in the bin?", "answer": "2", "type": "count_positive", "ans_index": 0}, {"obj": "scissors", "question": "how many scissorss are there in the bin?", "answer": "3", "type": "count_positive", "ans_index": 0}, {"obj": "usb", "question": "how many usbs are there in the bin?", "answer": "3", "type": "count_positive", "ans_index": 0}, {"obj": "wallet", "question": "how many wallets are there in the bin?", "answer": "1", "type": "count_positive", "ans_index": 0}]